YEAR,MO,DY,WS50M,WS10M
2015,1,1,7.76,4.28
2015,1,2,4.25,2.36
2015,1,3,6.49,3.29
2015,1,4,8.62,4.6
2015,1,5,7.44,4.5
2015,1,6,4.41,2.61
2015,1,7,8.09,4.88
2015,1,8,6.79,4.11
2015,1,9,8.52,5.01
2015,1,10,5.27,2.91
2015,1,11,4.93,2.49
2015,1,12,4.2,2.12
2015,1,13,4.73,2.68
2015,1,14,3.03,1.67
2015,1,15,4.48,2.34
2015,1,16,6.4,3.45
2015,1,17,5.8,2.89
2015,1,18,6.62,3.38
2015,1,19,4.74,2.57
2015,1,20,1.74,1.04
2015,1,21,3.45,1.83
2015,1,22,3.98,2.14
2015,1,23,1.38,0.94
2015,1,24,4.7,2.69
2015,1,25,3.7,2.04
2015,1,26,3.96,2.42
2015,1,27,4.93,2.81
2015,1,28,3.27,2.05
2015,1,29,5.68,3.16
2015,1,30,7.21,4.24
2015,1,31,4.22,2.34
2015,2,1,4.16,2.23
2015,2,2,6.91,3.88
2015,2,3,5.18,2.8
2015,2,4,5.73,2.66
2015,2,5,5.64,3.41
2015,2,6,5.8,3.24
2015,2,7,5.97,2.65
2015,2,8,6.82,3.04
2015,2,9,4.27,2.62
2015,2,10,4.14,2.58
2015,2,11,3.83,2.06
2015,2,12,7.19,4.45
2015,2,13,4.79,2.86
2015,2,14,8.24,5.05
2015,2,15,7.61,4.84
2015,2,16,2.41,1.59
2015,2,17,3.76,2.16
2015,2,18,6.05,3.62
2015,2,19,7.33,4.55
2015,2,20,4.11,2.45
2015,2,21,5.02,2.73
2015,2,22,3.69,1.98
2015,2,23,4.88,3.09
2015,2,24,5.05,2.84
2015,2,25,5.49,3.08
2015,2,26,4.17,2.56
2015,2,27,3.7,2.23
2015,2,28,2.44,1.35
2015,3,1,4,1.97
2015,3,2,5.3,2.99
2015,3,3,5.8,3.04
2015,3,4,4.3,2.01
2015,3,5,4.95,2.81
2015,3,6,3.23,1.93
2015,3,7,6.3,3.34
2015,3,8,5.86,2.79
2015,3,9,3.8,1.98
2015,3,10,3.71,1.71
2015,3,11,4,1.93
2015,3,12,4.29,2.07
2015,3,13,5.4,2.55
2015,3,14,5.23,2.51
2015,3,15,5.91,3.39
2015,3,16,5.56,2.59
2015,3,17,7.34,4.01
2015,3,18,5.47,2.73
2015,3,19,3.47,1.59
2015,3,20,2.9,1.48
2015,3,21,5.66,2.88
2015,3,22,4.48,2.32
2015,3,23,2.94,1.44
2015,3,24,3.49,1.66
2015,3,25,5.95,3.06
2015,3,26,3.79,2.16
2015,3,27,4.63,2.83
2015,3,28,5.56,3.3
2015,3,29,4.51,2.2
2015,3,30,7.06,3.6
2015,3,31,5.92,2.92
2015,4,1,3.36,1.72
2015,4,2,7.36,3.61
2015,4,3,3.69,1.91
2015,4,4,6.45,3.49
2015,4,5,6.5,3.09
2015,4,6,4.47,2.07
2015,4,7,2.63,1.27
2015,4,8,4.76,2.27
2015,4,9,5.46,2.71
2015,4,10,7.74,3.94
2015,4,11,5.11,2.84
2015,4,12,3.39,1.84
2015,4,13,6.52,3.15
2015,4,14,4.44,1.8
2015,4,15,4.45,1.92
2015,4,16,5.66,2.66
2015,4,17,4.01,1.92
2015,4,18,3.77,1.88
2015,4,19,7.45,3.84
2015,4,20,6.77,3.45
2015,4,21,7.11,3.54
2015,4,22,5.24,2.65
2015,4,23,6.3,3.28
2015,4,24,5.7,2.66
2015,4,25,2.02,1
2015,4,26,4.21,2.05
2015,4,27,4.73,2.34
2015,4,28,3.66,1.78
2015,4,29,2.43,1.17
2015,4,30,2.59,1.23
2015,5,1,4.19,1.98
2015,5,2,3.01,1.59
2015,5,3,4.3,1.84
2015,5,4,5.45,2.17
2015,5,5,2.31,1.12
2015,5,6,2,1.17
2015,5,7,1.93,1.04
2015,5,8,3.62,1.69
2015,5,9,4.53,2.04
2015,5,10,4.19,1.95
2015,5,11,4.59,2.15
2015,5,12,6.9,3.45
2015,5,13,4.59,2.33
2015,5,14,2.98,1.39
2015,5,15,4.01,1.74
2015,5,16,4.09,1.87
2015,5,17,3.64,1.57
2015,5,18,3.83,1.76
2015,5,19,5.07,2.46
2015,5,20,3.55,1.84
2015,5,21,2.73,1.22
2015,5,22,5.26,2.66
2015,5,23,2.62,1.47
2015,5,24,4,1.65
2015,5,25,5.22,2.34
2015,5,26,4.56,2
2015,5,27,4.56,2.02
2015,5,28,2.95,1.49
2015,5,29,4.7,2.11
2015,5,30,4.47,2.15
2015,5,31,4.05,1.92
2015,6,1,2.54,1.45
2015,6,2,3.01,1.47
2015,6,3,3.97,1.84
2015,6,4,3.5,1.6
2015,6,5,2.49,1.11
2015,6,6,3.8,1.8
2015,6,7,5.39,2.49
2015,6,8,5.8,2.7
2015,6,9,4.88,2.38
2015,6,10,5,2.21
2015,6,11,4.23,1.86
2015,6,12,4.59,2.04
2015,6,13,3.32,1.52
2015,6,14,3.77,1.62
2015,6,15,4.18,1.88
2015,6,16,4.88,2.17
2015,6,17,2.7,1.17
2015,6,18,4.61,1.99
2015,6,19,3.15,1.57
2015,6,20,3.01,1.44
2015,6,21,3.91,1.7
2015,6,22,3.73,1.58
2015,6,23,5.59,2.49
2015,6,24,2.14,1.11
2015,6,25,2.22,1.12
2015,6,26,2.53,1.17
2015,6,27,5.12,2.52
2015,6,28,5.9,2.91
2015,6,29,3.16,1.34
2015,6,30,4.17,1.91
2015,7,1,4.02,1.99
2015,7,2,2.23,1.12
2015,7,3,3.07,1.28
2015,7,4,3.27,1.64
2015,7,5,3.22,1.25
2015,7,6,2.46,1.08
2015,7,7,4.71,2.16
2015,7,8,2.83,1.3
2015,7,9,4.98,2.31
2015,7,10,2.27,1.13
2015,7,11,2.06,0.99
2015,7,12,2.41,1.17
2015,7,13,3.47,1.54
2015,7,14,3.83,1.78
2015,7,15,4.41,2.12
2015,7,16,2.89,1.34
2015,7,17,4.52,1.83
2015,7,18,4.18,1.76
2015,7,19,3.71,1.48
2015,7,20,3.2,1.47
2015,7,21,3.52,1.73
2015,7,22,3.64,1.77
2015,7,23,2.07,1.12
2015,7,24,1.99,1.11
2015,7,25,2,1.03
2015,7,26,2.59,1.2
2015,7,27,2.22,1.05
2015,7,28,3.01,1.25
2015,7,29,2.32,0.95
2015,7,30,4.47,1.89
2015,7,31,4.61,1.83
2015,8,1,4.2,1.87
2015,8,2,4.3,1.83
2015,8,3,4.52,1.98
2015,8,4,3.8,1.69
2015,8,5,4.03,1.91
2015,8,6,2.68,1.11
2015,8,7,3.09,1.37
2015,8,8,2.13,0.91
2015,8,9,1.98,0.99
2015,8,10,4.04,1.9
2015,8,11,4.38,2.02
2015,8,12,4.44,2
2015,8,13,2.37,1.06
2015,8,14,3.23,1.58
2015,8,15,2.27,1.09
2015,8,16,2.61,1.35
2015,8,17,2.2,1.07
2015,8,18,2.56,1.08
2015,8,19,4.12,1.78
2015,8,20,5.12,2.3
2015,8,21,3.29,1.42
2015,8,22,2.68,1.22
2015,8,23,3.14,1.37
2015,8,24,4.25,1.73
2015,8,25,3.82,1.77
2015,8,26,3.09,1.38
2015,8,27,1.76,1.09
2015,8,28,1.73,0.95
2015,8,29,3.44,1.4
2015,8,30,3.38,1.33
2015,8,31,2.62,1.23
2015,9,1,1.62,1.02
2015,9,2,2.24,1.08
2015,9,3,2.37,1.08
2015,9,4,1.75,0.81
2015,9,5,3.22,1.36
2015,9,6,2.57,1.27
2015,9,7,2.92,1.38
2015,9,8,3.38,1.61
2015,9,9,3.88,1.7
2015,9,10,3.13,1.72
2015,9,11,2.21,1.18
2015,9,12,3.29,1.75
2015,9,13,4.95,2.36
2015,9,14,4.05,2.02
2015,9,15,2.09,1.23
2015,9,16,2.19,1.18
2015,9,17,1.44,0.83
2015,9,18,3.78,1.8
2015,9,19,4.96,2.3
2015,9,20,4.17,1.87
2015,9,21,3.76,1.77
2015,9,22,2.72,1.26
2015,9,23,3.44,1.44
2015,9,24,4.3,1.72
2015,9,25,4.57,1.84
2015,9,26,4.84,2.15
2015,9,27,4.12,2.02
2015,9,28,3.7,1.62
2015,9,29,3.49,1.52
2015,9,30,4.86,2.56
2015,10,1,4.69,2.42
2015,10,2,5.48,2.87
2015,10,3,5.66,2.98
2015,10,4,4.47,2.19
2015,10,5,3.23,1.59
2015,10,6,2.93,1.23
2015,10,7,3.41,1.47
2015,10,8,3.52,1.54
2015,10,9,4.86,2.27
2015,10,10,2.15,1.11
2015,10,11,4.25,1.84
2015,10,12,5.18,2.13
2015,10,13,5.31,2.55
2015,10,14,4.06,1.92
2015,10,15,3.77,1.81
2015,10,16,4.21,2.05
2015,10,17,4.49,2.25
2015,10,18,4.54,2.13
2015,10,19,4.27,2.03
2015,10,20,5.32,2.26
2015,10,21,4.55,1.77
2015,10,22,4.59,2
2015,10,23,3.59,1.59
2015,10,24,4.96,2.45
2015,10,25,4.68,2.14
2015,10,26,3.86,1.63
2015,10,27,4.89,2.37
2015,10,28,7.76,3.82
2015,10,29,6.66,3.18
2015,10,30,3.4,1.66
2015,10,31,3.71,1.73
2015,11,1,5.78,2.66
2015,11,2,2.45,1.27
2015,11,3,3.05,1.4
2015,11,4,3.8,1.59
2015,11,5,4.55,1.78
2015,11,6,6.08,2.75
2015,11,7,4.59,2.03
2015,11,8,2.16,1.03
2015,11,9,3.88,1.73
2015,11,10,3.68,1.84
2015,11,11,3.39,1.73
2015,11,12,7.45,3.83
2015,11,13,8.68,4.52
2015,11,14,5.78,2.75
2015,11,15,5.16,2.25
2015,11,16,2.69,1.2
2015,11,17,5.87,2.7
2015,11,18,7.5,3.88
2015,11,19,6.46,3.13
2015,11,20,4.73,2.25
2015,11,21,5.97,2.95
2015,11,22,4.92,2.55
2015,11,23,3.67,1.6
2015,11,24,3.51,1.62
2015,11,25,4.8,2.1
2015,11,26,5.81,2.55
2015,11,27,4.91,2.2
2015,11,28,2.68,1.31
2015,11,29,3.11,1.68
2015,11,30,4.38,2.41
2015,12,1,4.21,2.02
2015,12,2,3.66,1.66
2015,12,3,5.3,2.75
2015,12,4,3.87,2.02
2015,12,5,1.65,1.11
2015,12,6,3.32,1.62
2015,12,7,2.27,1.28
2015,12,8,3.36,1.55
2015,12,9,4.52,2.27
2015,12,10,4.24,1.91
2015,12,11,5.22,2.38
2015,12,12,5.23,2.31
2015,12,13,4.41,1.77
2015,12,14,6.8,3.31
2015,12,15,5.75,2.92
2015,12,16,3.91,2.02
2015,12,17,4.59,2.24
2015,12,18,4.98,2.67
2015,12,19,6.41,3.47
2015,12,20,4.12,1.9
2015,12,21,6.09,2.85
2015,12,22,5.6,2.7
2015,12,23,5.82,2.88
2015,12,24,4.83,2.53
2015,12,25,3.73,1.62
2015,12,26,5.02,2.73
2015,12,27,7.04,3.88
2015,12,28,6.9,4.06
2015,12,29,6.69,3.41
2015,12,30,2.78,1.45
2015,12,31,4.23,2.19
2016,1,1,6.06,3.38
2016,1,2,5.47,2.91
2016,1,3,5.2,2.84
2016,1,4,5.79,3.49
2016,1,5,2.23,1.11
2016,1,6,3.72,1.84
2016,1,7,2.79,1.45
2016,1,8,4.08,2.03
2016,1,9,5.48,2.52
2016,1,10,8.45,4.74
2016,1,11,6.58,3.98
2016,1,12,6.64,4.06
2016,1,13,5.59,3.37
2016,1,14,6.09,3.08
2016,1,15,5.45,2.49
2016,1,16,5.94,3.15
2016,1,17,4.89,2.95
2016,1,18,7.35,4.59
2016,1,19,5.9,3.54
2016,1,20,2.39,1.26
2016,1,21,2.64,1.72
2016,1,22,4.97,2.84
2016,1,23,6.41,3.67
2016,1,24,4.22,2.39
2016,1,25,4.57,2.46
2016,1,26,7.05,3.6
2016,1,27,4.49,2.48
2016,1,28,5.73,3.11
2016,1,29,6.4,3.59
2016,1,30,6.41,3.12
2016,1,31,7.79,3.8
2016,2,1,4.88,2.55
2016,2,2,6.09,3.34
2016,2,3,7.75,3.99
2016,2,4,4.73,2.44
2016,2,5,4.3,2.5
2016,2,6,5.22,2.64
2016,2,7,4.21,2.16
2016,2,8,5.23,2.54
2016,2,9,4.09,2.58
2016,2,10,7.2,4.56
2016,2,11,6.97,4.24
2016,2,12,4.73,2.85
2016,2,13,7.66,4.74
2016,2,14,2.76,1.56
2016,2,15,4.85,2.77
2016,2,16,4.51,2.46
2016,2,17,4.45,2.29
2016,2,18,3.33,1.99
2016,2,19,7.52,3.8
2016,2,20,8.62,4.26
2016,2,21,4.44,2.13
2016,2,22,3.77,1.97
2016,2,23,5.06,2.66
2016,2,24,7,3.86
2016,2,25,8.92,5.3
2016,2,26,6.1,3.62
2016,2,27,5.33,2.97
2016,2,28,8.08,4.34
2016,2,29,8.49,4.68
2016,3,1,6.66,3.53
2016,3,2,7.37,4.44
2016,3,3,1.88,1.06
2016,3,4,2.77,1.52
2016,3,5,2.16,1.27
2016,3,6,3.31,1.67
2016,3,7,5.97,2.75
2016,3,8,6.23,2.69
2016,3,9,6.38,2.8
2016,3,10,5.05,2.55
2016,3,11,3.88,2.12
2016,3,12,3.45,1.62
2016,3,13,5.78,3.18
2016,3,14,5.12,2.84
2016,3,15,3.33,1.84
2016,3,16,7.41,3.84
2016,3,17,6.63,3.12
2016,3,18,6.12,3.08
2016,3,19,3.2,1.69
2016,3,20,3.06,1.61
2016,3,21,5.22,2.9
2016,3,22,6.34,3.03
2016,3,23,6.02,2.66
2016,3,24,7.27,3.7
2016,3,25,5.34,2.94
2016,3,26,3.02,1.46
2016,3,27,4.84,2.53
2016,3,28,8.38,4.73
2016,3,29,5.22,2.7
2016,3,30,6.46,3.05
2016,3,31,8.22,4.1
2016,4,1,6.73,3.52
2016,4,2,7.7,4.29
2016,4,3,7.4,3.95
2016,4,4,7.25,4.09
2016,4,5,3.21,1.88
2016,4,6,6.94,3.59
2016,4,7,6.85,3.76
2016,4,8,5.41,2.99
2016,4,9,6.22,3.46
2016,4,10,4.18,2.2
2016,4,11,7.15,3.59
2016,4,12,5.12,2.62
2016,4,13,3.77,1.66
2016,4,14,3.98,1.89
2016,4,15,4.66,2.07
2016,4,16,3.55,1.69
2016,4,17,3.45,1.63
2016,4,18,3.1,1.73
2016,4,19,4.75,2.27
2016,4,20,3.97,1.9
2016,4,21,3.67,1.55
2016,4,22,3.47,1.55
2016,4,23,4.78,2.57
2016,4,24,2.11,1.14
2016,4,25,4.33,2.04
2016,4,26,6.25,3.19
2016,4,27,2.58,1.42
2016,4,28,2.52,1.55
2016,4,29,2.47,1.34
2016,4,30,2.82,1.47
2016,5,1,3.92,2.06
2016,5,2,3.84,1.91
2016,5,3,2.64,1.48
2016,5,4,1.16,0.77
2016,5,5,4.08,2.19
2016,5,6,5.27,2.59
2016,5,7,2.73,1.27
2016,5,8,5.3,2.7
2016,5,9,2.74,1.43
2016,5,10,3.2,1.56
2016,5,11,2.77,1.17
2016,5,12,3.68,1.6
2016,5,13,4.97,2.31
2016,5,14,5.91,3.08
2016,5,15,6.34,3.26
2016,5,16,4.7,2.16
2016,5,17,2.61,1.09
2016,5,18,2.9,1.56
2016,5,19,2.94,1.47
2016,5,20,4.04,1.69
2016,5,21,3.48,1.69
2016,5,22,2.41,1.11
2016,5,23,3,1.44
2016,5,24,3.73,1.68
2016,5,25,4.27,1.95
2016,5,26,4.16,1.76
2016,5,27,4.16,1.77
2016,5,28,3.23,1.55
2016,5,29,2.75,1.23
2016,5,30,2.86,1.41
2016,5,31,2.23,1.06
2016,6,1,3.64,1.55
2016,6,2,3.42,1.53
2016,6,3,2.19,0.93
2016,6,4,2.16,0.94
2016,6,5,4.6,2.22
2016,6,6,4.97,2.36
2016,6,7,4.86,2.25
2016,6,8,6.05,3
2016,6,9,4.08,2.11
2016,6,10,2.71,1.2
2016,6,11,6.4,2.88
2016,6,12,6.03,2.95
2016,6,13,3.54,1.64
2016,6,14,2.41,1.06
2016,6,15,3.48,1.43
2016,6,16,3.35,1.57
2016,6,17,3.48,1.84
2016,6,18,1.55,0.93
2016,6,19,3.69,1.73
2016,6,20,4.88,2.2
2016,6,21,4.42,1.93
2016,6,22,4.64,2.08
2016,6,23,3.29,1.51
2016,6,24,2.47,1.2
2016,6,25,2.66,1.21
2016,6,26,3.88,1.73
2016,6,27,3.76,1.64
2016,6,28,4.11,1.92
2016,6,29,2.54,1.43
2016,6,30,1.89,0.94
2016,7,1,4.35,1.88
2016,7,2,2.23,1.13
2016,7,3,1.88,0.98
2016,7,4,2.93,1.4
2016,7,5,3.51,1.54
2016,7,6,3.7,1.75
2016,7,7,3.62,1.62
2016,7,8,3.26,1.54
2016,7,9,4.83,2.33
2016,7,10,3.88,1.83
2016,7,11,2.55,1.05
2016,7,12,3.68,1.69
2016,7,13,3.27,1.5
2016,7,14,4.6,2.27
2016,7,15,4.34,2.05
2016,7,16,2.09,1.12
2016,7,17,3.21,1.48
2016,7,18,4.24,1.92
2016,7,19,3.09,1.51
2016,7,20,2.3,1.14
2016,7,21,2.72,1.3
2016,7,22,4.3,1.91
2016,7,23,3.41,1.43
2016,7,24,3.11,1.33
2016,7,25,3.46,1.69
2016,7,26,2.49,1.24
2016,7,27,1.85,0.9
2016,7,28,3.09,1.48
2016,7,29,1.59,0.74
2016,7,30,2.52,1.18
2016,7,31,2.52,1.18
2016,8,1,2.07,1.1
2016,8,2,1.98,1.05
2016,8,3,2.71,1.16
2016,8,4,3.73,1.62
2016,8,5,3.66,1.71
2016,8,6,3.93,1.84
2016,8,7,2.55,1.23
2016,8,8,2.89,1.24
2016,8,9,3.88,1.74
2016,8,10,3.35,1.6
2016,8,11,3.2,1.24
2016,8,12,4.09,1.84
2016,8,13,4.87,2.19
2016,8,14,3.72,1.76
2016,8,15,2.13,0.81
2016,8,16,5.25,2.52
2016,8,17,2.35,0.95
2016,8,18,3.62,1.76
2016,8,19,2.3,1.12
2016,8,20,3.99,1.73
2016,8,21,4.39,2
2016,8,22,3.05,1.46
2016,8,23,2.38,1.16
2016,8,24,4.22,1.91
2016,8,25,4.54,2.09
2016,8,26,3.2,1.53
2016,8,27,2.89,1.23
2016,8,28,2.5,1.13
2016,8,29,2.91,1.36
2016,8,30,1.56,0.72
2016,8,31,2.48,1.09
2016,9,1,3.99,1.94
2016,9,2,3.98,1.69
2016,9,3,3.24,1.63
2016,9,4,2.71,1.2
2016,9,5,2.43,1.3
2016,9,6,3.33,1.59
2016,9,7,4.05,1.68
2016,9,8,4.96,2.23
2016,9,9,2.34,1.02
2016,9,10,5.76,2.72
2016,9,11,3.45,1.7
2016,9,12,2.66,1.14
2016,9,13,3.22,1.7
2016,9,14,3.05,1.59
2016,9,15,3.22,1.51
2016,9,16,3.55,1.6
2016,9,17,4.81,2.22
2016,9,18,3.16,1.32
2016,9,19,2.11,1.13
2016,9,20,2.62,1.31
2016,9,21,3.22,1.41
2016,9,22,2.57,1.2
2016,9,23,3.77,1.56
2016,9,24,3.41,1.63
2016,9,25,3.19,1.49
2016,9,26,4.15,1.89
2016,9,27,5.06,2.18
2016,9,28,5.52,2.63
2016,9,29,6.05,3.05
2016,9,30,5.7,2.99
2016,10,1,2.52,1.27
2016,10,2,3.69,1.7
2016,10,3,2.21,1.19
2016,10,4,4.18,1.73
2016,10,5,4.04,1.7
2016,10,6,3.81,1.51
2016,10,7,4.05,1.77
2016,10,8,3.92,1.71
2016,10,9,4.69,2.16
2016,10,10,2.49,1.34
2016,10,11,3.84,1.55
2016,10,12,4.21,1.84
2016,10,13,4.58,2.03
2016,10,14,3.18,1.48
2016,10,15,4.28,1.8
2016,10,16,4.81,2.09
2016,10,17,5.15,2.2
2016,10,18,6.15,2.77
2016,10,19,3.46,1.44
2016,10,20,3.24,1.58
2016,10,21,5.25,2.82
2016,10,22,6.7,3.46
2016,10,23,5.92,2.91
2016,10,24,5.7,2.66
2016,10,25,4.51,2.02
2016,10,26,3.55,1.84
2016,10,27,5.53,2.66
2016,10,28,3.13,1.61
2016,10,29,5.8,2.7
2016,10,30,5.04,2.5
2016,10,31,3.16,1.43
2016,11,1,4.44,1.88
2016,11,2,4.8,1.88
2016,11,3,4.78,2.21
2016,11,4,3.58,1.74
2016,11,5,4.13,1.91
2016,11,6,2.98,1.38
2016,11,7,3.72,1.59
2016,11,8,4.49,1.7
2016,11,9,4.93,2.51
2016,11,10,4.64,2.41
2016,11,11,5.82,2.93
2016,11,12,3.01,1.51
2016,11,13,4.67,1.92
2016,11,14,3.75,1.8
2016,11,15,3.54,1.62
2016,11,16,4.39,1.97
2016,11,17,2.24,1.09
2016,11,18,5.02,2
2016,11,19,7.16,3.57
2016,11,20,8.65,4.82
2016,11,21,7.52,4.1
2016,11,22,3.6,2
2016,11,23,3.17,1.47
2016,11,24,4.12,1.69
2016,11,25,2.97,1.31
2016,11,26,4.66,2.25
2016,11,27,3.67,1.72
2016,11,28,4.52,2.12
2016,11,29,6.17,2.84
2016,11,30,4.39,1.93
2016,12,1,6.29,3.25
2016,12,2,5.77,3.03
2016,12,3,4.33,2.14
2016,12,4,2.98,1.61
2016,12,5,4.45,2.37
2016,12,6,4.77,2.48
2016,12,7,4.86,2.2
2016,12,8,5.85,3.15
2016,12,9,5.8,3.31
2016,12,10,4.76,2.62
2016,12,11,3.25,1.92
2016,12,12,5.59,2.74
2016,12,13,2.59,1.33
2016,12,14,4.98,2.62
2016,12,15,7.52,4.26
2016,12,16,3.18,1.95
2016,12,17,5.81,2.61
2016,12,18,5.49,2.87
2016,12,19,1.67,1.11
2016,12,20,4.26,2.18
2016,12,21,4.44,2.13
2016,12,22,5.67,2.65
2016,12,23,4.14,1.94
2016,12,24,4.88,2.16
2016,12,25,3.72,1.85
2016,12,26,7.7,3.93
2016,12,27,6.92,3.52
2016,12,28,4.28,2.02
2016,12,29,6.68,3.58
2016,12,30,7.13,3.95
2016,12,31,7.37,4.05
2017,1,1,3.64,1.76
2017,1,2,5.12,2.52
2017,1,3,4.42,2.16
2017,1,4,8.15,4.73
2017,1,5,4.94,3.02
2017,1,6,3.48,2.19
2017,1,7,4.04,2.56
2017,1,8,6.41,3.83
2017,1,9,4.48,2.42
2017,1,10,7.41,4.21
2017,1,11,7.1,3.67
2017,1,12,9.16,5.01
2017,1,13,4.19,2.16
2017,1,14,2.32,1.27
2017,1,15,1.66,0.96
2017,1,16,2.99,1.41
2017,1,17,6.32,2.74
2017,1,18,5.3,2.66
2017,1,19,3.03,1.48
2017,1,20,5.14,2.42
2017,1,21,4.96,2.08
2017,1,22,4.22,1.92
2017,1,23,5.62,3.29
2017,1,24,4.85,2.63
2017,1,25,4.79,2.42
2017,1,26,8.3,4.72
2017,1,27,7.06,4.17
2017,1,28,6.48,3.75
2017,1,29,4.01,2.27
2017,1,30,5.27,3.16
2017,1,31,7.45,4.21
2017,2,1,5.9,3.06
2017,2,2,5.35,3.07
2017,2,3,5.16,2.97
2017,2,4,4.45,2.34
2017,2,5,6.52,3.4
2017,2,6,4.43,2.11
2017,2,7,9.04,4.58
2017,2,8,5.46,3.11
2017,2,9,7.73,4.72
2017,2,10,5.45,3.23
2017,2,11,5.53,2.87
2017,2,12,7.55,4.12
2017,2,13,7.11,4.09
2017,2,14,6.27,3.35
2017,2,15,6.98,4.12
2017,2,16,5.52,3.34
2017,2,17,3.46,1.73
2017,2,18,6.44,3.13
2017,2,19,5.49,2.68
2017,2,20,3.04,1.48
2017,2,21,5.76,2.71
2017,2,22,4.93,2.23
2017,2,23,5.31,2.6
2017,2,24,6.95,3.38
2017,2,25,8.25,4.86
2017,2,26,5.7,3.09
2017,2,27,4.9,2.35
2017,2,28,5.55,2.73
2017,3,1,9,5.02
2017,3,2,7.84,4.72
2017,3,3,5.83,3.42
2017,3,4,4.57,2.69
2017,3,5,4.45,2.25
2017,3,6,5.52,2.59
2017,3,7,7.22,3.87
2017,3,8,9.05,5.05
2017,3,9,6.17,3.34
2017,3,10,6.45,3.71
2017,3,11,5.94,3.43
2017,3,12,3.83,2.26
2017,3,13,4.46,2.41
2017,3,14,6.62,4.05
2017,3,15,8.73,5.18
2017,3,16,6.34,3.49
2017,3,17,3.52,1.97
2017,3,18,3.8,1.95
2017,3,19,3.28,1.84
2017,3,20,2.27,1.33
2017,3,21,4.71,2.45
2017,3,22,6.18,3.45
2017,3,23,3.29,1.71
2017,3,24,7.01,3.44
2017,3,25,4.62,2.16
2017,3,26,5.91,3.39
2017,3,27,4.38,2.19
2017,3,28,4.02,2.17
2017,3,29,4.06,2.09
2017,3,30,6.04,3.41
2017,3,31,4.12,2.19
2017,4,1,5.08,2.8
2017,4,2,2.66,1.29
2017,4,3,5.09,2.5
2017,4,4,7.93,4.19
2017,4,5,4.48,2.17
2017,4,6,6.21,3.47
2017,4,7,7.82,4.34
2017,4,8,4.07,2.09
2017,4,9,5.05,2.38
2017,4,10,6.58,2.95
2017,4,11,4.79,2.05
2017,4,12,4.26,2.03
2017,4,13,3.84,1.73
2017,4,14,2.92,1.34
2017,4,15,5.07,2.34
2017,4,16,6.95,3.52
2017,4,17,4.42,1.96
2017,4,18,3.55,1.57
2017,4,19,5.36,2.66
2017,4,20,4.43,2.17
2017,4,21,5.02,2.61
2017,4,22,3.96,2.02
2017,4,23,3.52,1.74
2017,4,24,5.3,2.56
2017,4,25,4.7,2.29
2017,4,26,3.42,1.38
2017,4,27,5.67,2.66
2017,4,28,3.29,1.52
2017,4,29,3.51,1.8
2017,4,30,5.09,2.23
2017,5,1,7.91,3.83
2017,5,2,8.06,4.06
2017,5,3,4.38,2.16
2017,5,4,6,3
2017,5,5,5.33,2.94
2017,5,6,6.16,3.42
2017,5,7,5.88,3.01
2017,5,8,4.42,2.17
2017,5,9,2.24,1.34
2017,5,10,1.8,0.94
2017,5,11,3.83,1.98
2017,5,12,3.5,1.8
2017,5,13,2.6,1.4
2017,5,14,6.18,2.97
2017,5,15,4.27,1.98
2017,5,16,4.33,1.93
2017,5,17,5.16,2.16
2017,5,18,5.77,2.55
2017,5,19,3.58,1.81
2017,5,20,2.7,1.52
2017,5,21,5.02,2.56
2017,5,22,4.3,2.19
2017,5,23,3.6,1.74
2017,5,24,5.33,2.58
2017,5,25,3.65,1.78
2017,5,26,4.7,2.36
2017,5,27,2.29,1.2
2017,5,28,3.28,1.54
2017,5,29,4.68,2.14
2017,5,30,4.43,1.91
2017,5,31,4.08,2.02
2017,6,1,3.92,1.84
2017,6,2,3.75,1.95
2017,6,3,3.36,1.7
2017,6,4,4.7,2.09
2017,6,5,3.57,1.62
2017,6,6,4.24,2.01
2017,6,7,3.23,1.6
2017,6,8,2.07,1.12
2017,6,9,3.54,1.7
2017,6,10,4.81,2.21
2017,6,11,4.85,2.09
2017,6,12,4.35,1.77
2017,6,13,3.52,1.62
2017,6,14,1.78,0.88
2017,6,15,3.76,1.7
2017,6,16,2.78,1.16
2017,6,17,3.6,1.52
2017,6,18,5.04,2.41
2017,6,19,3.71,1.74
2017,6,20,4.66,2.09
2017,6,21,3.16,1.45
2017,6,22,3.55,1.73
2017,6,23,4.51,2.11
2017,6,24,4.91,2.2
2017,6,25,4.77,2.04
2017,6,26,4.32,1.88
2017,6,27,4.38,2.19
2017,6,28,3.89,1.67
2017,6,29,5.15,2.36
2017,6,30,4.42,2.02
2017,7,1,4.54,1.95
2017,7,2,4.04,1.77
2017,7,3,2.91,1.26
2017,7,4,2.88,1.33
2017,7,5,2.28,0.96
2017,7,6,2.14,1.01
2017,7,7,3.87,1.8
2017,7,8,4.41,1.99
2017,7,9,2.64,1.16
2017,7,10,4.15,1.85
2017,7,11,4.89,2.41
2017,7,12,4.71,2.07
2017,7,13,3.95,1.7
2017,7,14,3.5,1.44
2017,7,15,3.29,1.59
2017,7,16,3,1.39
2017,7,17,2.79,1.15
2017,7,18,2.12,1.05
2017,7,19,3.34,1.59
2017,7,20,3.66,1.71
2017,7,21,2.7,1.09
2017,7,22,3.81,1.66
2017,7,23,2.89,1.37
2017,7,24,4.32,2.04
2017,7,25,3.14,1.34
2017,7,26,2.95,1.33
2017,7,27,2.55,1.17
2017,7,28,3.04,1.36
2017,7,29,4.81,2.26
2017,7,30,3.39,1.38
2017,7,31,2.12,0.96
2017,8,1,1.88,0.89
2017,8,2,2.38,1.09
2017,8,3,3.69,1.53
2017,8,4,4.95,2.3
2017,8,5,4.62,2.3
2017,8,6,2.77,1.3
2017,8,7,1.8,0.77
2017,8,8,3.27,1.72
2017,8,9,2.89,1.37
2017,8,10,4.18,1.81
2017,8,11,3.11,1.32
2017,8,12,3.91,1.77
2017,8,13,1.95,1.09
2017,8,14,3.3,1.58
2017,8,15,2.71,1.14
2017,8,16,2.69,1.17
2017,8,17,3.93,1.74
2017,8,18,4.4,1.92
2017,8,19,4.24,1.82
2017,8,20,2.38,1.19
2017,8,21,3.93,1.66
2017,8,22,5.06,2.38
2017,8,23,3.81,1.68
2017,8,24,2.3,1.21
2017,8,25,2.34,1.05
2017,8,26,2.47,1.12
2017,8,27,4.2,1.89
2017,8,28,4.76,2.3
2017,8,29,3.02,1.38
2017,8,30,2.14,1
2017,8,31,3.48,1.73
2017,9,1,3.89,1.9
2017,9,2,4.27,2.26
2017,9,3,5.33,2.45
2017,9,4,5.64,2.68
2017,9,5,3.92,1.9
2017,9,6,2.3,1.19
2017,9,7,4.26,1.93
2017,9,8,4.15,1.82
2017,9,9,3.58,1.53
2017,9,10,3.86,1.72
2017,9,11,3.85,1.56
2017,9,12,3.73,1.56
2017,9,13,3.48,1.52
2017,9,14,2.48,1.3
2017,9,15,1.08,0.7
2017,9,16,2.34,1.27
2017,9,17,1.5,0.66
2017,9,18,1.66,0.91
2017,9,19,2.23,1.09
2017,9,20,1.95,1.25
2017,9,21,1.47,0.94
2017,9,22,2.82,1.34
2017,9,23,3.16,1.42
2017,9,24,3.27,1.62
2017,9,25,2.05,1.13
2017,9,26,2.25,1.18
2017,9,27,3.34,1.7
2017,9,28,4.37,2.14
2017,9,29,3.34,1.71
2017,9,30,4.09,1.9
2017,10,1,3.32,1.47
2017,10,2,3.17,1.33
2017,10,3,3.82,1.64
2017,10,4,4.62,1.93
2017,10,5,3.65,1.58
2017,10,6,3.16,1.45
2017,10,7,5.36,2.38
2017,10,8,4.47,2.12
2017,10,9,4.84,2.22
2017,10,10,2.53,1.17
2017,10,11,2.95,1.35
2017,10,12,3.68,1.86
2017,10,13,4.34,2.11
2017,10,14,3.52,1.47
2017,10,15,5.98,3.09
2017,10,16,4.4,2.17
2017,10,17,3.73,1.75
2017,10,18,3.76,1.64
2017,10,19,5.27,2.2
2017,10,20,2.47,1.17
2017,10,21,3.91,1.55
2017,10,22,4.65,1.89
2017,10,23,6.38,3.21
2017,10,24,5.69,2.84
2017,10,25,3.62,1.85
2017,10,26,3.2,1.56
2017,10,27,5.31,2.41
2017,10,28,3.73,1.85
2017,10,29,4.13,2.23
2017,10,30,6.98,3.66
2017,10,31,4.4,2.36
2017,11,1,3.44,1.55
2017,11,2,5.39,2.41
2017,11,3,4.88,2.38
2017,11,4,4.44,2.17
2017,11,5,6.16,3.12
2017,11,6,4.64,2.25
2017,11,7,3.45,1.68
2017,11,8,2.8,1.53
2017,11,9,4.28,2.12
2017,11,10,5.36,2.79
2017,11,11,3.36,1.66
2017,11,12,2.56,1.17
2017,11,13,3.12,1.41
2017,11,14,2.22,1.16
2017,11,15,5.09,2.27
2017,11,16,6.16,3.17
2017,11,17,3.14,1.44
2017,11,18,6.7,3.33
2017,11,19,7.63,4.23
2017,11,20,5.12,2.62
2017,11,21,6.23,2.73
2017,11,22,4.4,2.23
2017,11,23,3.04,1.42
2017,11,24,4.81,1.99
2017,11,25,5.44,2.51
2017,11,26,4.81,2.26
2017,11,27,3.58,1.82
2017,11,28,5.31,2.27
2017,11,29,5.17,2.3
2017,11,30,5.09,2.26
2017,12,1,1.62,1.02
2017,12,2,2.01,1.21
2017,12,3,2.55,1.65
2017,12,4,5.61,2.65
2017,12,5,6.84,3.48
2017,12,6,6.64,3.43
2017,12,7,5.7,2.85
2017,12,8,3.52,1.91
2017,12,9,3.06,1.57
2017,12,10,5.54,3.02
2017,12,11,4.04,1.8
2017,12,12,6.93,3.89
2017,12,13,5.22,3
2017,12,14,4.72,2.58
2017,12,15,4.19,2.32
2017,12,16,6.16,2.85
2017,12,17,3.26,1.41
2017,12,18,4.82,2.23
2017,12,19,6.87,3.34
2017,12,20,4.77,2.13
2017,12,21,3.65,1.66
2017,12,22,6.14,2.7
2017,12,23,4.45,2.3
2017,12,24,3.62,1.84
2017,12,25,9.02,5.26
2017,12,26,5.61,3.3
2017,12,27,4.36,2.68
2017,12,28,2.24,1.35
2017,12,29,3.32,2.01
2017,12,30,5.01,2.97
2017,12,31,3.08,1.75
2018,1,1,4.91,3
2018,1,2,5.1,2.99
2018,1,3,4.23,2.14
2018,1,4,6.88,4.03
2018,1,5,7.38,4.49
2018,1,6,5.76,3.42
2018,1,7,3.97,2.07
2018,1,8,6.06,3.17
2018,1,9,4.2,2.16
2018,1,10,5.71,2.59
2018,1,11,7.41,3.52
2018,1,12,6.91,3.8
2018,1,13,7.29,4.19
2018,1,14,3.12,1.85
2018,1,15,4.77,2.58
2018,1,16,3.55,1.95
2018,1,17,4.15,2.32
2018,1,18,6.41,3.73
2018,1,19,7.11,3.88
2018,1,20,7.58,3.6
2018,1,21,5.8,2.38
2018,1,22,6.52,2.72
2018,1,23,8.69,4.73
2018,1,24,5.09,2.94
2018,1,25,3.84,2.13
2018,1,26,5.66,2.64
2018,1,27,6.72,3.18
2018,1,28,2.9,1.48
2018,1,29,3.82,1.98
2018,1,30,7.14,4.48
2018,1,31,5.95,3.2
2018,2,1,6.09,3.15
2018,2,2,7.03,4.35
2018,2,3,5.61,3.21
2018,2,4,5.67,3.1
2018,2,5,4.82,2.91
2018,2,6,2.83,1.57
2018,2,7,4.77,2.7
2018,2,8,4.87,2.66
2018,2,9,4.85,2.51
2018,2,10,4.7,1.91
2018,2,11,5.27,2.6
2018,2,12,4.65,2.68
2018,2,13,4.09,2.23
2018,2,14,5.91,2.75
2018,2,15,7.25,3.59
2018,2,16,5.82,3.06
2018,2,17,3.02,1.59
2018,2,18,4.51,2.38
2018,2,19,7.43,3.67
2018,2,20,7.47,3.55
2018,2,21,6.93,3.91
2018,2,22,5.7,3.52
2018,2,23,5.56,2.74
2018,2,24,4.99,2.71
2018,2,25,7.29,3.73
2018,2,26,4.54,2.19
2018,2,27,3.64,2.16
2018,2,28,6.32,2.91
2018,3,1,5.84,3.36
2018,3,2,10.61,6.36
2018,3,3,6.42,3.63
2018,3,4,4.8,2.6
2018,3,5,3.64,1.88
2018,3,6,4.59,2.38
2018,3,7,5.02,2.83
2018,3,8,5.88,3.49
2018,3,9,6.57,3.77
2018,3,10,3.92,1.98
2018,3,11,3.29,1.7
2018,3,12,3.4,2.03
2018,3,13,5.25,3.09
2018,3,14,6.98,4.07
2018,3,15,6.38,3.48
2018,3,16,5.94,3.34
2018,3,17,2.21,1.21
2018,3,18,3.77,2.01
2018,3,19,4.33,2.15
2018,3,20,6.27,3.66
2018,3,21,4.94,2.73
2018,3,22,5.41,2.89
2018,3,23,4.42,2.32
2018,3,24,3.45,1.83
2018,3,25,6.02,3.18
2018,3,26,6.13,3.14
2018,3,27,5.41,2.73
2018,3,28,2.6,1.2
2018,3,29,4.28,2.01
2018,3,30,4.91,2.79
2018,3,31,5.58,2.89
2018,4,1,5.02,2.78
2018,4,2,2.02,1.06
2018,4,3,4.84,2.36
2018,4,4,10.32,5.8
2018,4,5,5.16,2.66
2018,4,6,6.12,3.18
2018,4,7,3.91,2.03
2018,4,8,3.93,2.02
2018,4,9,2.49,1.21
2018,4,10,2.48,1.38
2018,4,11,4.82,2.41
2018,4,12,7.48,3.56
2018,4,13,6.84,3
2018,4,14,5.13,2.24
2018,4,15,6.12,3.38
2018,4,16,6.05,3.45
2018,4,17,6.36,3.43
2018,4,18,2.73,1.39
2018,4,19,5.82,3.05
2018,4,20,5.07,2.41
2018,4,21,2.3,1.2
2018,4,22,4.59,2.08
2018,4,23,5.48,2.55
2018,4,24,5.71,2.82
2018,4,25,3.91,2.01
2018,4,26,2.8,1.48
2018,4,27,4.24,1.82
2018,4,28,4.02,2.2
2018,4,29,5.48,2.75
2018,4,30,4.79,2.41
2018,5,1,5.41,2.23
2018,5,2,6.13,2.74
2018,5,3,5.62,2.59
2018,5,4,6.16,2.94
2018,5,5,2.66,1.34
2018,5,6,3.15,1.66
2018,5,7,2.31,1.2
2018,5,8,2.72,1.2
2018,5,9,4.84,2.21
2018,5,10,6.1,2.81
2018,5,11,2.84,1.41
2018,5,12,4.15,2
2018,5,13,2.75,1.34
2018,5,14,2.4,1.05
2018,5,15,4.26,1.86
2018,5,16,2.2,0.95
2018,5,17,3.12,1.52
2018,5,18,5.38,2.55
2018,5,19,5.17,2.64
2018,5,20,3.93,1.88
2018,5,21,1.82,0.89
2018,5,22,3.59,1.62
2018,5,23,3.7,1.83
2018,5,24,2.04,1.18
2018,5,25,3.65,1.75
2018,5,26,3.21,1.32
2018,5,27,2.66,1.19
2018,5,28,2.49,1.07
2018,5,29,3.33,1.27
2018,5,30,4.58,2.19
2018,5,31,4.36,1.97
2018,6,1,3.1,1.46
2018,6,2,3.44,1.66
2018,6,3,2.97,1.3
2018,6,4,5.25,2.3
2018,6,5,5.16,2.42
2018,6,6,2.05,1.13
2018,6,7,2.51,1.34
2018,6,8,2.27,1.05
2018,6,9,2.05,1
2018,6,10,2.66,1.14
2018,6,11,3.77,1.84
2018,6,12,4.52,2.12
2018,6,13,5.38,2.56
2018,6,14,4.38,1.96
2018,6,15,2.25,1.32
2018,6,16,2.69,1.23
2018,6,17,2.29,1.08
2018,6,18,4.56,2
2018,6,19,3.25,1.58
2018,6,20,2.48,1.14
2018,6,21,3.05,1.43
2018,6,22,4.8,2.41
2018,6,23,4.08,1.91
2018,6,24,4.52,2.02
2018,6,25,3.3,1.42
2018,6,26,4.25,2.09
2018,6,27,4.34,2.02
2018,6,28,3.9,1.88
2018,6,29,1.62,0.81
2018,6,30,2.62,1.29
2018,7,1,3.12,1.38
2018,7,2,3.3,1.32
2018,7,3,2.02,0.99
2018,7,4,1.86,0.91
2018,7,5,3.16,1.41
2018,7,6,4.31,1.96
2018,7,7,4.1,1.74
2018,7,8,3.1,1.41
2018,7,9,2.93,1.31
2018,7,10,3.81,1.51
2018,7,11,3.73,1.66
2018,7,12,3.47,1.51
2018,7,13,3.34,1.36
2018,7,14,3.41,1.52
2018,7,15,2.86,1.13
2018,7,16,3.35,1.39
2018,7,17,4.28,1.98
2018,7,18,2.85,1.38
2018,7,19,3.35,1.48
2018,7,20,5.43,2.59
2018,7,21,4.75,2.35
2018,7,22,2.16,0.99
2018,7,23,3.95,1.74
2018,7,24,3.7,1.67
2018,7,25,2.17,1
2018,7,26,3.47,1.6
2018,7,27,3.08,1.34
2018,7,28,3.57,1.6
2018,7,29,1.96,0.9
2018,7,30,2.47,1.16
2018,7,31,3.66,1.7
2018,8,1,3.33,1.43
2018,8,2,2.37,1.11
2018,8,3,2.07,1.03
2018,8,4,3.28,1.39
2018,8,5,3.19,1.28
2018,8,6,3.63,1.46
2018,8,7,3.46,1.5
2018,8,8,3.64,1.52
2018,8,9,3.62,1.53
2018,8,10,2.7,1.13
2018,8,11,2.55,1.16
2018,8,12,2.99,1.25
2018,8,13,2.13,1.04
2018,8,14,3.29,1.34
2018,8,15,3.74,1.55
2018,8,16,3.77,1.66
2018,8,17,4.05,1.87
2018,8,18,3.52,1.66
2018,8,19,3.05,1.31
2018,8,20,3.76,1.77
2018,8,21,4.5,2.13
2018,8,22,5.02,2.43
2018,8,23,2.53,1.27
2018,8,24,3.78,1.9
2018,8,25,4.3,2.11
2018,8,26,4.02,1.8
2018,8,27,3.65,1.53
2018,8,28,4.41,1.93
2018,8,29,4.62,2.1
2018,8,30,2.48,1.11
2018,8,31,1.9,0.91
2018,9,1,3.8,1.66
2018,9,2,3.35,1.45
2018,9,3,2.28,1.02
2018,9,4,2.34,1.08
2018,9,5,3.52,1.48
2018,9,6,2.98,1.36
2018,9,7,2.48,1.03
2018,9,8,4.45,2.36
2018,9,9,6.63,3.39
2018,9,10,5.23,2.53
2018,9,11,2.08,0.8
2018,9,12,2.97,1.27
2018,9,13,3.62,1.43
2018,9,14,3.53,1.42
2018,9,15,3.68,1.48
2018,9,16,4.01,1.67
2018,9,17,3.63,1.77
2018,9,18,3.13,1.57
2018,9,19,2.92,1.36
2018,9,20,3.57,1.37
2018,9,21,5.56,2.64
2018,9,22,3.2,1.4
2018,9,23,3.16,1.33
2018,9,24,5.05,2.47
2018,9,25,4.52,2.15
2018,9,26,5.05,2.38
2018,9,27,3.08,1.3
2018,9,28,3.41,1.48
2018,9,29,2.88,1.32
2018,9,30,3.15,1.45
2018,10,1,4.15,1.7
2018,10,2,4.58,2.09
2018,10,3,3.03,1.3
2018,10,4,4.79,2.3
2018,10,5,2.77,1.17
2018,10,6,4,1.73
2018,10,7,2.76,1.3
2018,10,8,4.13,1.73
2018,10,9,3.97,1.66
2018,10,10,4.45,1.98
2018,10,11,4.25,2.01
2018,10,12,4.21,2.08
2018,10,13,3.35,1.8
2018,10,14,2.9,1.3
2018,10,15,5.46,2.71
2018,10,16,3.71,1.73
2018,10,17,6.03,3.05
2018,10,18,3.91,1.86
2018,10,19,4.93,2.2
2018,10,20,6.09,3.16
2018,10,21,5.55,2.76
2018,10,22,5.13,2.31
2018,10,23,5.45,2.55
2018,10,24,4.19,1.91
2018,10,25,1.51,0.97
2018,10,26,4.66,2.34
2018,10,27,2.81,1.38
2018,10,28,4.92,2.55
2018,10,29,5.87,2.93
2018,10,30,2.99,1.41
2018,10,31,5.09,2.34
2018,11,1,3.73,1.63
2018,11,2,5.27,2.49
2018,11,3,4.23,2.27
2018,11,4,4.69,2.39
2018,11,5,4.67,2.18
2018,11,6,7.4,3.71
2018,11,7,5.3,2.38
2018,11,8,2.92,1.43
2018,11,9,4.62,2.38
2018,11,10,6.2,3.22
2018,11,11,2.05,1.19
2018,11,12,2.24,1.19
2018,11,13,3.74,1.86
2018,11,14,3.46,1.71
2018,11,15,3.8,2.04
2018,11,16,5.5,2.83
2018,11,17,3.62,1.8
2018,11,18,2.34,1.11
2018,11,19,2.22,1.11
2018,11,20,4.18,2.09
2018,11,21,5.65,2.87
2018,11,22,3.31,1.91
2018,11,23,4.31,2.35
2018,11,24,5.03,2.27
2018,11,25,4.03,1.75
2018,11,26,6.64,3.54
2018,11,27,6.67,3.74
2018,11,28,6.89,3.92
2018,11,29,2.82,1.51
2018,11,30,2.34,1.17
2018,12,1,4.93,2.55
2018,12,2,6.11,2.79
2018,12,3,5.8,2.97
2018,12,4,3.36,1.56
2018,12,5,2.88,1.51
2018,12,6,5.72,3.1
2018,12,7,2.69,1.45
2018,12,8,2.98,1.68
2018,12,9,2.73,1.41
2018,12,10,2.52,1.3
2018,12,11,4.63,2.34
2018,12,12,3.77,1.73
2018,12,13,4.57,1.8
2018,12,14,4.45,1.89
2018,12,15,5.09,2.61
2018,12,16,3.99,1.97
2018,12,17,5.58,2.95
2018,12,18,3.29,1.72
2018,12,19,3.7,1.68
2018,12,20,4.89,2.16
2018,12,21,5.03,2.65
2018,12,22,5.98,3.2
2018,12,23,3.64,1.74
2018,12,24,5.44,2.73
2018,12,25,1.73,1.04
2018,12,26,2.71,1.44
2018,12,27,5.77,2.84
2018,12,28,7.09,3.4
2018,12,29,4.79,2.35
2018,12,30,4.38,1.99
2018,12,31,6.08,3
2019,1,1,6.53,3.55
2019,1,2,3.14,1.51
2019,1,3,5.05,2.52
2019,1,4,3.32,1.77
2019,1,5,4.83,2.57
2019,1,6,5.05,2.62
2019,1,7,5.83,3.3
2019,1,8,7.7,4.1
2019,1,9,8.08,4.72
2019,1,10,7.3,4.46
2019,1,11,2.82,1.74
2019,1,12,2.86,1.63
2019,1,13,4.22,2.45
2019,1,14,2.52,1.42
2019,1,15,4.23,2.51
2019,1,16,5.48,2.96
2019,1,17,3.26,1.79
2019,1,18,4.06,1.94
2019,1,19,4.62,2.69
2019,1,20,7.63,4.66
2019,1,21,5.73,3.34
2019,1,22,4.11,2.31
2019,1,23,7.43,3.29
2019,1,24,6.02,3.4
2019,1,25,6.64,3.88
2019,1,26,4.19,2.38
2019,1,27,6.62,3.81
2019,1,28,4.6,2.64
2019,1,29,6.77,3.89
2019,1,30,7.62,4.59
2019,1,31,4.66,2.73
2019,2,1,2.03,1.35
2019,2,2,4.33,2.3
2019,2,3,5.34,2.35
2019,2,4,6.2,2.64
2019,2,5,5.14,2.4
2019,2,6,4.77,2.34
2019,2,7,4.93,2.7
2019,2,8,9.61,5.89
2019,2,9,4.8,2.99
2019,2,10,3,1.61
2019,2,11,3.27,1.66
2019,2,12,8.66,4.9
2019,2,13,10.09,5.95
2019,2,14,6.02,3.02
2019,2,15,7.62,3.9
2019,2,16,3.89,2.23
2019,2,17,4.18,2.46
2019,2,18,6.4,3.85
2019,2,19,2.14,1.22
2019,2,20,6.26,3.6
2019,2,21,6.34,2.95
2019,2,22,3.24,1.5
2019,2,23,5.84,3.11
2019,2,24,11.22,6.41
2019,2,25,9.58,5.7
2019,2,26,3.7,2.15
2019,2,27,5.02,2.71
2019,2,28,3.73,2.24
2019,3,1,3.62,2.08
2019,3,2,3.74,1.98
2019,3,3,2.81,1.7
2019,3,4,5.95,3.59
2019,3,5,5.98,3.5
2019,3,6,6.04,3.47
2019,3,7,4.82,2.58
2019,3,8,2.95,1.52
2019,3,9,5.88,3.43
2019,3,10,9.09,4.88
2019,3,11,6.42,3.48
2019,3,12,3.24,1.84
2019,3,13,5.3,2.3
2019,3,14,7.64,3.72
2019,3,15,8.12,4.48
2019,3,16,6.97,3.78
2019,3,17,3.46,1.6
2019,3,18,3.22,1.67
2019,3,19,1.69,1.14
2019,3,20,4.98,2.3
2019,3,21,3.96,1.87
2019,3,22,7.3,4.19
2019,3,23,5.54,3.13
2019,3,24,4.59,1.95
2019,3,25,3.98,2.15
2019,3,26,4.38,2.11
2019,3,27,3.62,1.8
2019,3,28,5.96,2.64
2019,3,29,5.3,2.62
2019,3,30,6.73,3.2
2019,3,31,6.53,3.89
2019,4,1,3.34,1.91
2019,4,2,4.02,1.96
2019,4,3,6.93,3.29
2019,4,4,2.85,1.45
2019,4,5,5.24,2.84
2019,4,6,1.75,1.04
2019,4,7,4.55,2.13
2019,4,8,5.24,2.57
2019,4,9,6.38,3.04
2019,4,10,4.23,2.12
2019,4,11,5.16,2.91
2019,4,12,6.51,3.16
2019,4,13,3.77,1.79
2019,4,14,6.48,3.29
2019,4,15,8.27,4.45
2019,4,16,5.17,2.43
2019,4,17,3.83,1.52
2019,4,18,6.39,2.95
2019,4,19,5.59,2.74
2019,4,20,3.34,1.77
2019,4,21,2.77,1.63
2019,4,22,2.05,1.22
2019,4,23,5.81,2.66
2019,4,24,3.76,1.95
2019,4,25,3.1,1.31
2019,4,26,6.83,3.58
2019,4,27,6.45,3.25
2019,4,28,4.65,2.38
2019,4,29,5.17,2.3
2019,4,30,3.18,1.52
2019,5,1,6.13,2.69
2019,5,2,3.2,1.55
2019,5,3,2.59,1.13
2019,5,4,2.75,1.38
2019,5,5,3.22,1.52
2019,5,6,2.45,1.16
2019,5,7,3.94,1.85
2019,5,8,3.8,1.97
2019,5,9,5.27,2.51
2019,5,10,5.2,2.67
2019,5,11,2.76,1.36
2019,5,12,2.59,1.37
2019,5,13,4.32,2.14
2019,5,14,4.77,2.49
2019,5,15,4.87,2.13
2019,5,16,4.38,1.94
2019,5,17,4.09,2.02
2019,5,18,3.34,1.39
2019,5,19,5.53,2.49
2019,5,20,6.13,3.09
2019,5,21,3.33,1.62
2019,5,22,4.45,2.06
2019,5,23,5.64,2.46
2019,5,24,3.85,1.7
2019,5,25,4.62,1.97
2019,5,26,4.11,1.73
2019,5,27,2.95,1.35
2019,5,28,5.37,2.48
2019,5,29,4.17,1.91
2019,5,30,4.28,1.89
2019,5,31,2.68,1.29
2019,6,1,4.11,1.77
2019,6,2,4.17,2.15
2019,6,3,4.12,2.15
2019,6,4,3.52,1.7
2019,6,5,4.71,2.24
2019,6,6,3.16,1.44
2019,6,7,3.52,1.58
2019,6,8,4.96,2.26
2019,6,9,5.47,2.53
2019,6,10,4.49,2.23
2019,6,11,4.71,2.27
2019,6,12,4.75,2.12
2019,6,13,6.03,3
2019,6,14,5.41,2.62
2019,6,15,4.59,2.06
2019,6,16,4.88,2.38
2019,6,17,3.21,1.41
2019,6,18,3.48,1.67
2019,6,19,2.41,1.03
2019,6,20,4.52,2.11
2019,6,21,5.2,2.52
2019,6,22,3.12,1.38
2019,6,23,2.81,1.27
2019,6,24,4.4,2.05
2019,6,25,4.94,2.17
2019,6,26,4.39,1.88
2019,6,27,2.23,1.12
2019,6,28,3.01,1.25
2019,6,29,3.95,1.62
2019,6,30,4.51,1.97
2019,7,1,2.45,1.14
2019,7,2,3.78,1.58
2019,7,3,2.94,1.43
2019,7,4,2.66,1.19
2019,7,5,2.84,1.2
2019,7,6,3.19,1.3
2019,7,7,1.75,0.83
2019,7,8,3.25,1.48
2019,7,9,2.49,1.2
2019,7,10,2.73,1.23
2019,7,11,3.03,1.25
2019,7,12,3.3,1.49
2019,7,13,3.31,1.55
2019,7,14,3.22,1.54
2019,7,15,2.22,1.2
2019,7,16,4.06,1.55
2019,7,17,3.5,1.6
2019,7,18,2.75,1.2
2019,7,19,4.06,1.62
2019,7,20,3.71,1.55
2019,7,21,3.15,1.43
2019,7,22,3.24,1.41
2019,7,23,3.97,1.81
2019,7,24,2.74,1.33
2019,7,25,1.75,1.02
2019,7,26,2.02,1.12
2019,7,27,3.77,1.51
2019,7,28,4.27,1.81
2019,7,29,4.39,1.7
2019,7,30,3.35,1.48
2019,7,31,2.41,0.93
2019,8,1,2.8,1.38
2019,8,2,2.2,0.91
2019,8,3,2.57,1.12
2019,8,4,2.3,1.23
2019,8,5,1.93,0.95
2019,8,6,3.55,1.51
2019,8,7,2.29,1.12
2019,8,8,4.7,2.11
2019,8,9,4.27,1.89
2019,8,10,3.55,1.64
2019,8,11,2.11,1.05
2019,8,12,2.79,1.11
2019,8,13,2.23,0.85
2019,8,14,3.12,1.45
2019,8,15,2.6,1.18
2019,8,16,2.68,1.3
2019,8,17,3.51,1.62
2019,8,18,3.85,1.51
2019,8,19,2.91,1.25
2019,8,20,3.1,1.23
2019,8,21,3.45,1.49
2019,8,22,3.39,1.52
2019,8,23,3.34,1.68
2019,8,24,3.88,1.83
2019,8,25,4.18,1.86
2019,8,26,4.77,2.2
2019,8,27,4.29,2.03
2019,8,28,4.2,1.79
2019,8,29,4.2,1.77
2019,8,30,4.41,1.95
2019,8,31,3.28,1.41
2019,9,1,3.79,1.66
2019,9,2,2.64,1.32
2019,9,3,2.91,1.37
2019,9,4,4.81,2.25
2019,9,5,3.33,1.41
2019,9,6,2.69,1.08
2019,9,7,3.47,1.56
2019,9,8,2.91,1.34
2019,9,9,2.3,1.1
2019,9,10,3.21,1.26
2019,9,11,4.27,1.77
2019,9,12,3.8,1.6
2019,9,13,5.13,2.66
2019,9,14,3.89,1.97
2019,9,15,2.36,1.14
2019,9,16,3.39,1.44
2019,9,17,3.93,1.79
2019,9,18,4.19,1.84
2019,9,19,4.07,1.71
2019,9,20,2.88,1.24
2019,9,21,2.3,1.34
2019,9,22,4.31,1.84
2019,9,23,5.26,2.27
2019,9,24,3.55,1.73
2019,9,25,4.32,1.8
2019,9,26,4.98,2.11
2019,9,27,4.39,1.77
2019,9,28,4.33,1.82
2019,9,29,2.77,1.15
2019,9,30,2.82,1.11
2019,10,1,4.41,1.83
2019,10,2,4.38,1.8
2019,10,3,4.39,2.16
2019,10,4,4.23,2.17
2019,10,5,4.88,2.55
2019,10,6,4.27,1.94
2019,10,7,2.09,1.12
2019,10,8,3.66,1.71
2019,10,9,4.09,1.62
2019,10,10,3.69,1.52
2019,10,11,3.82,1.6
2019,10,12,4.42,1.98
2019,10,13,4.53,1.94
2019,10,14,4.85,2.03
2019,10,15,4.2,1.66
2019,10,16,6.1,3.13
2019,10,17,7.24,3.77
2019,10,18,3.06,1.59
2019,10,19,3.78,1.62
2019,10,20,2.67,1.29
2019,10,21,4.87,2.53
2019,10,22,4.64,2.03
2019,10,23,5.61,2.41
2019,10,24,3.84,1.94
2019,10,25,2.02,1.03
2019,10,26,4.43,2.31
2019,10,27,7.29,3.65
2019,10,28,2.54,1.38
2019,10,29,4.36,1.88
2019,10,30,3.16,1.46
2019,10,31,7.49,3.81
2019,11,1,5.11,2.9
2019,11,2,4.38,2.05
2019,11,3,4.52,2.23
2019,11,4,4.87,2.04
2019,11,5,4.42,1.92
2019,11,6,3.43,1.58
2019,11,7,3.7,1.66
2019,11,8,4.06,2.08
2019,11,9,3.8,1.71
2019,11,10,3.83,1.82
2019,11,11,3.22,1.62
2019,11,12,5.71,3.23
2019,11,13,2.59,1.44
2019,11,14,4.25,1.97
2019,11,15,3.47,1.58
2019,11,16,4.45,2.08
2019,11,17,4.64,1.98
2019,11,18,2.89,1.55
2019,11,19,2.48,1.29
2019,11,20,3.66,1.8
2019,11,21,4.64,2.22
2019,11,22,5.32,2.7
2019,11,23,2.74,1.42
2019,11,24,4.93,2.67
2019,11,25,4.73,2.28
2019,11,26,4.43,1.99
2019,11,27,8.08,4.2
2019,11,28,6.63,3.59
2019,11,29,2.69,1.3
2019,11,30,3.3,1.61
2019,12,1,5.15,2.9
2019,12,2,4.19,2.28
2019,12,3,4.33,2.31
2019,12,4,5.73,3.04
2019,12,5,6.03,2.95
2019,12,6,4.88,2.43
2019,12,7,2.54,1.2
2019,12,8,5.61,2.7
2019,12,9,6.69,3.26
2019,12,10,6.33,3.48
2019,12,11,5.42,3.02
2019,12,12,3.14,1.59
2019,12,13,3.97,1.83
2019,12,14,4.46,2.3
2019,12,15,5.11,2.68
2019,12,16,3.34,1.78
2019,12,17,4.8,2.71
2019,12,18,6.8,3.88
2019,12,19,4.14,2.19
2019,12,20,2.75,1.34
2019,12,21,3.59,1.74
2019,12,22,3.85,1.84
2019,12,23,3.69,1.89
2019,12,24,2.49,1.27
2019,12,25,3.45,1.61
2019,12,26,4.52,1.79
2019,12,27,5.11,2.14
2019,12,28,2.7,1.3
2019,12,29,4.76,2.16
2019,12,30,6.67,3.5
2019,12,31,7.21,3.92
2020,1,1,6.43,3.23
2020,1,2,5.2,2.7
2020,1,3,3.33,1.51
2020,1,4,4.56,2.62
2020,1,5,5.74,3.19
2020,1,6,6.73,3.4
2020,1,7,3.84,1.71
2020,1,8,6.91,3.84
2020,1,9,4.68,2.59
2020,1,10,7.56,3.58
2020,1,11,8.77,4.58
2020,1,12,6.75,3.78
2020,1,13,4.05,2.1
2020,1,14,4.96,2.62
2020,1,15,4.02,2.02
2020,1,16,8.53,5.09
2020,1,17,3.81,2.29
2020,1,18,7.01,4.02
2020,1,19,7.56,4.62
2020,1,20,4.57,2.65
2020,1,21,3,1.7
2020,1,22,2.62,1.47
2020,1,23,3.8,1.8
2020,1,24,5.9,3.09
2020,1,25,4.9,2.29
2020,1,26,6.06,3.45
2020,1,27,5.03,2.62
2020,1,28,4.48,2.35
2020,1,29,3.16,1.63
2020,1,30,1.95,1.27
2020,1,31,1.83,0.97
2020,2,1,2.8,1.44
2020,2,2,7.66,4.11
2020,2,3,5.19,2.23
2020,2,4,6.5,3.66
2020,2,5,4.47,2.68
2020,2,6,3.05,1.72
2020,2,7,6.26,3.76
2020,2,8,4.41,2.52
2020,2,9,4.59,2.42
2020,2,10,5.38,2.7
2020,2,11,3.87,2.05
2020,2,12,3.5,1.86
2020,2,13,5.02,2.81
2020,2,14,4.93,3.09
2020,2,15,4.63,2.57
2020,2,16,4.55,2.26
2020,2,17,3.35,1.74
2020,2,18,6.95,3.48
2020,2,19,5.26,2.71
2020,2,20,3.77,2.37
2020,2,21,3.93,2.07
2020,2,22,6.04,2.9
2020,2,23,6.05,2.77
2020,2,24,4.18,2.06
2020,2,25,2.33,1.23
2020,2,26,3.57,2.03
2020,2,27,9.51,5.8
2020,2,28,6.85,4.09
2020,2,29,6.72,3.85
2020,3,1,4.78,2.41
2020,3,2,6.64,3.2
2020,3,3,6.6,3.4
2020,3,4,6.38,3.47
2020,3,5,2.66,1.39
2020,3,6,6.09,3.5
2020,3,7,4.8,2.76
2020,3,8,5.71,2.58
2020,3,9,6.66,3.14
2020,3,10,7.55,4.14
2020,3,11,1.64,1.05
2020,3,12,4.34,2.19
2020,3,13,8.59,4.8
2020,3,14,2.95,1.45
2020,3,15,3.91,2.16
2020,3,16,4.7,2.42
2020,3,17,4.26,2.18
2020,3,18,4.52,2.49
2020,3,19,5.01,2.34
2020,3,20,8.83,4.89
2020,3,21,4.01,2.3
2020,3,22,4.69,2.48
2020,3,23,5.39,2.92
2020,3,24,2.94,1.4
2020,3,25,3.56,1.75
2020,3,26,4.26,2.27
2020,3,27,2.3,1.24
2020,3,28,4.95,2.3
2020,3,29,8.05,4.05
2020,3,30,6.73,3.55
2020,3,31,2.75,1.38
2020,4,1,4.41,2.16
2020,4,2,6.27,3.1
2020,4,3,5.92,2.91
2020,4,4,2.54,1.23
2020,4,5,3.51,1.7
2020,4,6,1.98,1.17
2020,4,7,3.91,1.95
2020,4,8,5.24,2.76
2020,4,9,7.38,4.02
2020,4,10,7.96,4.35
2020,4,11,4.48,2.33
2020,4,12,5.73,2.85
2020,4,13,9.59,5.08
2020,4,14,4.13,2.09
2020,4,15,4.94,2.49
2020,4,16,5.62,2.84
2020,4,17,3.59,1.83
2020,4,18,4.77,2.52
2020,4,19,5.03,2.53
2020,4,20,4.12,2.07
2020,4,21,8.18,4.3
2020,4,22,5,2.51
2020,4,23,3.43,1.58
2020,4,24,3.69,1.83
2020,4,25,3.85,1.97
2020,4,26,5.12,2.94
2020,4,27,4.78,2.56
2020,4,28,3.96,1.83
2020,4,29,6.84,3.45
2020,4,30,4.78,2.4
2020,5,1,3.87,1.96
2020,5,2,4.46,2.18
2020,5,3,4.87,2.23
2020,5,4,5.08,2.7
2020,5,5,3.14,1.48
2020,5,6,4.78,2.42
2020,5,7,5.55,2.62
2020,5,8,4.34,2.34
2020,5,9,6.17,3.14
2020,5,10,5.3,2.52
2020,5,11,6.01,3.16
2020,5,12,5.04,2.44
2020,5,13,3.23,1.68
2020,5,14,5.1,2.36
2020,5,15,5.64,2.73
2020,5,16,3.58,1.51
2020,5,17,4.33,2.17
2020,5,18,4.88,2.41
2020,5,19,7.12,3.45
2020,5,20,5.92,2.78
2020,5,21,4.89,2.2
2020,5,22,2.38,1.22
2020,5,23,2.02,1.18
2020,5,24,4.13,1.91
2020,5,25,3.33,1.4
2020,5,26,4.08,1.7
2020,5,27,3.95,1.77
2020,5,28,4.69,2.05
2020,5,29,4.59,2.09
2020,5,30,4.15,2.01
2020,5,31,4.33,2.07
2020,6,1,3.16,1.66
2020,6,2,5.27,2.41
2020,6,3,5.88,2.67
2020,6,4,3.37,1.53
2020,6,5,2.98,1.26
2020,6,6,4.4,1.94
2020,6,7,3.66,1.57
2020,6,8,2.54,1.18
2020,6,9,3.84,1.53
2020,6,10,5.2,2.51
2020,6,11,5.12,2.36
2020,6,12,4.62,2.01
2020,6,13,3.18,1.46
2020,6,14,4.08,1.99
2020,6,15,3.57,1.62
2020,6,16,3.57,1.47
2020,6,17,4.12,1.73
2020,6,18,4.23,1.8
2020,6,19,1.88,0.88
2020,6,20,1.38,0.75
2020,6,21,3.15,1.34
2020,6,22,3.7,1.65
2020,6,23,5,2.41
2020,6,24,4.66,2.12
2020,6,25,4.09,1.79
2020,6,26,4.44,2.03
2020,6,27,5.62,2.7
2020,6,28,3.97,1.82
2020,6,29,2.62,1.31
2020,6,30,3.39,1.44
2020,7,1,3.59,1.59
2020,7,2,3.7,1.62
2020,7,3,3.27,1.51
2020,7,4,3.24,1.5
2020,7,5,1.45,0.66
2020,7,6,2.42,1.23
2020,7,7,2.42,1.08
2020,7,8,1.33,0.7
2020,7,9,1.52,0.82
2020,7,10,3.06,1.48
2020,7,11,5.79,2.86
2020,7,12,3.35,1.44
2020,7,13,2.93,1.45
2020,7,14,2.41,1.36
2020,7,15,2.88,1.4
2020,7,16,6.03,2.89
2020,7,17,2.77,1.45
2020,7,18,3.47,1.52
2020,7,19,4.83,2.2
2020,7,20,3.94,1.85
2020,7,21,2.51,1.15
2020,7,22,3.76,1.62
2020,7,23,3.54,1.66
2020,7,24,2.34,1.22
2020,7,25,2.09,1.05
2020,7,26,3.7,1.69
2020,7,27,4.64,2.26
2020,7,28,3.66,1.89
2020,7,29,4.03,1.88
2020,7,30,2.87,1.23
2020,7,31,2.58,1.14
2020,8,1,3.62,1.63
2020,8,2,6.03,3.05
2020,8,3,2.96,1.34
2020,8,4,3.38,1.7
2020,8,5,3.07,1.48
2020,8,6,2.12,0.98
2020,8,7,2.27,1.06
2020,8,8,2.22,1.15
2020,8,9,2.41,1.27
2020,8,10,3.13,1.33
2020,8,11,3.77,1.64
2020,8,12,2.58,1.2
2020,8,13,2.96,1.35
2020,8,14,3.39,1.45
2020,8,15,3.66,1.65
2020,8,16,2.7,1.29
2020,8,17,2.92,1.41
2020,8,18,3.63,1.81
2020,8,19,3.73,1.72
2020,8,20,1.99,0.93
2020,8,21,2.13,1.24
2020,8,22,2.12,0.92
2020,8,23,3.16,1.37
2020,8,24,3.87,1.69
2020,8,25,5.12,2.34
2020,8,26,3.77,1.68
2020,8,27,4.91,2.38
2020,8,28,3.78,1.8
2020,8,29,5.36,2.55
2020,8,30,2.71,1.34
2020,8,31,4.16,1.92
2020,9,1,3.44,1.48
2020,9,2,4.54,2.1
2020,9,3,2.64,1.23
2020,9,4,3.79,1.78
2020,9,5,3.9,1.77
2020,9,6,3.53,1.55
2020,9,7,4.45,1.99
2020,9,8,2.71,1.27
2020,9,9,3.59,1.39
2020,9,10,2.98,1.36
2020,9,11,2.97,1.37
2020,9,12,4.63,2.35
2020,9,13,4.17,1.94
2020,9,14,4.22,1.91
2020,9,15,2.88,1.26
2020,9,16,3.8,1.65
2020,9,17,2.61,1.14
2020,9,18,4.44,2.38
2020,9,19,3.73,1.7
2020,9,20,4.23,1.78
2020,9,21,3.62,1.58
2020,9,22,3.19,1.49
2020,9,23,3.74,1.77
2020,9,24,2.92,1.45
2020,9,25,3.57,1.6
2020,9,26,3.32,1.41
2020,9,27,4.39,1.95
2020,9,28,4.84,2.22
2020,9,29,2.56,1.34
2020,9,30,5.88,2.93
2020,10,1,4.16,1.98
2020,10,2,3.88,1.84
2020,10,3,2.23,1.23
2020,10,4,3.59,1.69
2020,10,5,3.01,1.5
2020,10,6,4.62,1.96
2020,10,7,6.69,3.16
2020,10,8,3.53,1.84
2020,10,9,4.55,1.88
2020,10,10,5.16,2.41
2020,10,11,3.32,1.62
2020,10,12,5.1,2.73
2020,10,13,4.3,2.05
2020,10,14,4.23,1.83
2020,10,15,5.8,2.94
2020,10,16,3.55,1.83
2020,10,17,3.95,1.9
2020,10,18,4.9,2.19
2020,10,19,3.35,1.31
2020,10,20,2.95,1.12
2020,10,21,4.33,2
2020,10,22,3.35,1.59
2020,10,23,5.09,2.2
2020,10,24,4.1,2.15
2020,10,25,3.7,1.98
2020,10,26,2.8,1.45
2020,10,27,1.96,0.92
2020,10,28,2.16,1
2020,10,29,4.32,2.24
2020,10,30,4.35,2.21
2020,10,31,3.54,1.78
2020,11,1,7.88,4.16
2020,11,2,7.35,3.91
2020,11,3,5.23,2.41
2020,11,4,5.09,2.14
2020,11,5,5.11,2.05
2020,11,6,4.06,1.93
2020,11,7,2.74,1.63
2020,11,8,2.77,1.4
2020,11,9,4.55,1.84
2020,11,10,5.27,2.19
2020,11,11,3.98,1.82
2020,11,12,3.73,1.91
2020,11,13,4.09,1.88
2020,11,14,2.59,1.21
2020,11,15,9.06,4.66
2020,11,16,6.8,3.37
2020,11,17,5.88,3
2020,11,18,4.14,1.97
2020,11,19,5.94,2.87
2020,11,20,6.2,2.94
2020,11,21,3.41,1.57
2020,11,22,5.2,2.74
2020,11,23,5.16,2.62
2020,11,24,3.03,1.44
2020,11,25,5.42,2.53
2020,11,26,5.62,2.59
2020,11,27,3.12,1.39
2020,11,28,4.03,1.91
2020,11,29,4.1,1.75
2020,11,30,3.86,2.07
2020,12,1,6.91,3.97
2020,12,2,6.36,3.43
2020,12,3,4.52,2.33
2020,12,4,4.46,2.11
2020,12,5,4,2.14
2020,12,6,2.93,1.53
2020,12,7,3.59,1.87
2020,12,8,5.2,2.7
2020,12,9,5.6,2.73
2020,12,10,2.83,1.29
2020,12,11,4.88,2.16
2020,12,12,5.87,2.82
2020,12,13,4.27,2.16
2020,12,14,4.24,2.22
2020,12,15,3.43,1.54
2020,12,16,4.19,2.4
2020,12,17,2.31,1.3
2020,12,18,2.9,1.69
2020,12,19,3.79,1.9
2020,12,20,4.46,2.02
2020,12,21,4.36,2.12
2020,12,22,5.53,2.74
2020,12,23,5.42,2.79
2020,12,24,6.95,3.72
2020,12,25,6.94,4.16
2020,12,26,5.87,3.42
2020,12,27,4.49,2.27
2020,12,28,6.32,3.12
2020,12,29,3.92,2.11
2020,12,30,6.48,3.26
2020,12,31,3.48,1.75
2021,1,1,5.45,2.8
